query_id,query,method,rank,product_id,score,product_name,product_class,query_term_frequencies,preview
0,salon chair,TF-IDF,1,7465,1.264325,hair salon chair,Massage Chairs|Recliners,salon:5 | chair:2,"offers a wide selection of professional salon products including styling chair , salon hairdryer , salon equipment , etc . to showcase the uniqueness of each sa"
0,salon chair,TF-IDF,2,15612,1.123895,massage chair,Massage Chairs,salon:9 | chair:19,features heavy duty steel frame . premium chrome round base . heavy duty hydraulic pump make height adjustment easier . double-reinforced saddle sticking preven
0,salon chair,TF-IDF,3,33691,1.029945,lift chair office work chair beauty salon chair brown,Office Chairs,salon:1 | chair:3,
0,salon chair,TF-IDF,4,33689,0.946656,office chair work beauty salon chair brown,Office Chairs,salon:1 | chair:2,
0,salon chair,TF-IDF,5,33690,0.946656,office work chair beauty salon chair white,Office Chairs,salon:1 | chair:2,
0,salon chair,TF-IDF,6,20026,0.835604,ginata salon beauty drafting chair,Office Chairs,salon:1 | chair:1,
0,salon chair,TF-IDF,7,2187,0.823956,fashion casual lift chair office work chair beauty salon chair,,salon:1 | chair:3,it is a new product with absolutely no damage .
0,salon chair,TF-IDF,8,6167,0.771326,heilke fashion casual office beauty salon conference chair,,salon:1 | chair:1,
0,salon chair,TF-IDF,9,6168,0.771326,heilly fashion casual office beauty salon task chair,,salon:1 | chair:1,
0,salon chair,TF-IDF,10,40997,0.771326,fashion casual work beauty salon ergonomic task chair,,salon:1 | chair:1,
0,salon chair,BM25,1,15612,16.327998,massage chair,Massage Chairs,salon:9 | chair:19,features heavy duty steel frame . premium chrome round base . heavy duty hydraulic pump make height adjustment easier . double-reinforced saddle sticking preven
0,salon chair,BM25,2,7465,15.848762,hair salon chair,Massage Chairs|Recliners,salon:5 | chair:2,"offers a wide selection of professional salon products including styling chair , salon hairdryer , salon equipment , etc . to showcase the uniqueness of each sa"
0,salon chair,BM25,3,7468,14.986044,mercer41 hair salon chair hydraulic styling chair ( rose gold ),Massage Chairs,salon:10 | chair:4,"mercer41 beauty offers a wide selection professional beauty salon equipment including salon styling chair , salon hair dryer , barber pole light , etc . to show"
0,salon chair,BM25,4,7466,14.670939,reclining massage chair,Massage Chairs|Recliners,salon:9 | chair:3,"offers a wide selection of professional beauty salon equipment including salon styling chair , salon hairdryer , barber pole light , etc . to showcase the uniqu"
0,salon chair,BM25,5,7467,14.609801,reclining faux leather massage chair,Massage Chairs|Recliners,salon:9 | chair:3,"offers a wide selection of professional beauty salon equipment including salon styling chair , salon hairdryer , barber pole light , etc . to showcase the uniqu"
0,salon chair,BM25,6,25431,13.620889,barberpub salon massage chair,Massage Chairs,salon:2 | chair:2,salon chairs are a wonderful avenue for hairstylists and barbers to increase their revenue - have a comfortable chair for customers to enjoy during their visit 
0,salon chair,BM25,7,25432,13.193418,barberpub hydraulic salon spa reclining massage chair with ottoman,Massage Chairs|Recliners,salon:2 | chair:2,salon chairs are a wonderful avenue for hairstylists and barbers to increase their revenue - have a comfortable chair for customers to enjoy during their visit 
0,salon chair,BM25,8,33691,13.171174,lift chair office work chair beauty salon chair brown,Office Chairs,salon:1 | chair:3,
0,salon chair,BM25,9,33689,13.048171,office chair work beauty salon chair brown,Office Chairs,salon:1 | chair:2,
0,salon chair,BM25,10,33690,13.048171,office work chair beauty salon chair white,Office Chairs,salon:1 | chair:2,
0,salon chair,Jaccard,1,20026,0.25,ginata salon beauty drafting chair,Office Chairs,salon:1 | chair:1,
0,salon chair,Jaccard,2,33689,0.25,office chair work beauty salon chair brown,Office Chairs,salon:1 | chair:2,
0,salon chair,Jaccard,3,33690,0.25,office work chair beauty salon chair white,Office Chairs,salon:1 | chair:2,
0,salon chair,Jaccard,4,33691,0.222222,lift chair office work chair beauty salon chair brown,Office Chairs,salon:1 | chair:3,
0,salon chair,Jaccard,5,6167,0.2,heilke fashion casual office beauty salon conference chair,,salon:1 | chair:1,
0,salon chair,Jaccard,6,6168,0.2,heilly fashion casual office beauty salon task chair,,salon:1 | chair:1,
0,salon chair,Jaccard,7,40996,0.2,fashion casual work beauty salon task chair,Office Chairs,salon:1 | chair:1,
0,salon chair,Jaccard,8,40997,0.181818,fashion casual work beauty salon ergonomic task chair,,salon:1 | chair:1,
0,salon chair,Jaccard,9,5495,0.166667,executive chair,Office Chairs,salon:0 | chair:1,
0,salon chair,Jaccard,10,12410,0.166667,m37 chair cushion,Furniture Cushions,salon:0 | chair:1,
1,smart coffee table,TF-IDF,1,2648,1.328,marlowe coffee table,Coffee & Cocktail Tables,smart:0 | coffee:4 | table:1,
1,smart coffee table,TF-IDF,2,19750,1.248922,"a-37 coffee table in , matching coffee table",Coffee & Cocktail Tables,smart:0 | coffee:5 | table:2,
1,smart coffee table,TF-IDF,3,16877,1.188218,mendivil coffee table,Coffee & Cocktail Tables,smart:0 | coffee:6 | table:2,industrial modern coffee table
1,smart coffee table,TF-IDF,4,38673,1.188218,abdulsamet coffee table,Coffee & Cocktail Tables,smart:0 | coffee:6 | table:2,high gloss coffee table .
1,smart coffee table,TF-IDF,5,16878,1.184119,sahlberg coffee table,,smart:0 | coffee:4 | table:2,industrial modern coffee table
1,smart coffee table,TF-IDF,6,33290,1.159083,coffee table,Coffee & Cocktail Tables,smart:0 | coffee:5 | table:1,
1,smart coffee table,TF-IDF,7,605,1.098079,sled coffee table,Coffee & Cocktail Tables,smart:0 | coffee:5 | table:1,
1,smart coffee table,TF-IDF,8,1556,1.098079,merkley coffee table,Coffee & Cocktail Tables,smart:0 | coffee:5 | table:1,
1,smart coffee table,TF-IDF,9,4778,1.098079,modrest coffee table,Coffee & Cocktail Tables,smart:0 | coffee:5 | table:1,
1,smart coffee table,TF-IDF,10,6318,1.098079,emiliano coffee table,Coffee & Cocktail Tables,smart:0 | coffee:5 | table:1,
1,smart coffee table,BM25,1,34862,14.797664,sobro smart end table with built-in outlets,End Tables,smart:5 | coffee:1 | table:5,"the sobro smart side table is a next-generation nightstand that multi-tasks to support your connected lifestyle . with a wireless charging pad , thermoelectric "
1,smart coffee table,BM25,2,1308,13.823174,shaker coffee table,Coffee & Cocktail Tables,smart:1 | coffee:5 | table:1,the concave shape of their product takes a fresh spin on traditional styling for a look that blends smart design with classic elegance .
1,smart coffee table,BM25,3,21580,13.740259,sanibel 3 legs coffee table,Coffee & Cocktail Tables,smart:1 | coffee:4 | table:3,"the collection of sanibel tables will artfully satisfy every need , adding a sleek , modern touch to any environment sanibel occasional table becomes a small en"
1,smart coffee table,BM25,4,33698,11.956255,smart coffee table with storage,Coffee & Cocktail Tables,smart:2 | coffee:9 | table:7,"the sobro is a smart coffee table designed to support your connected lifestyle . with a refrigerated drawer , 2 bluetooth speakers , 2 usb charging ports , 4 11"
1,smart coffee table,BM25,5,20331,11.747187,crotzer coffee table,Coffee & Cocktail Tables,smart:1 | coffee:9 | table:14,the orren ellis coffee table is highly elegant and has a very simplistic design which makes it a very effective table for your living room . this coffee table h
1,smart coffee table,BM25,6,36649,10.544766,industrial revolution end table,End Tables|Nightstands,smart:1 | coffee:1 | table:4,"with a quirky industrial style and a screw post winding mechanism that adjusts tabletop height , this versatile table is ready to start its very own revolution "
1,smart coffee table,BM25,7,4291,10.023814,"brightech madison nightstand side table with built in lamp and usb port , black",End Tables,smart:2 | coffee:1 | table:8,"give your space the practical and modern decor it needs with the brightech madison side table with built-in lamp . this narrow , space-saving table-lamp combina"
1,smart coffee table,BM25,8,36315,9.731389,vandergriff wooden coffee table,Patio Tables,smart:1 | coffee:2 | table:1,"perfect for resting a tray of drinks , a favorite magazine , or an eye-catching floral display , coffee tables are a must-have in our home decor . take this one"
1,smart coffee table,BM25,9,5929,9.607092,"stainless steel 3 piece coffee , tea , & sugar set",Canisters & Jars,smart:1 | coffee:1 | table:0,"this smart and simple to use ebern designs® set of three 29 ounce stainless steel canisters keeps your dry goods fresh longer , while adding functionality and b"
1,smart coffee table,BM25,10,35972,9.391195,litedge wi-fi accessible smart power strip socket plate,Lighting Accessories,smart:6 | coffee:0 | table:0,"no matter how far away from home , you can use the litedge smart power strip to control all your home electronic appliances with your smartphone . it works with"
1,smart coffee table,Jaccard,1,2648,0.222222,marlowe coffee table,Coffee & Cocktail Tables,smart:0 | coffee:4 | table:1,
1,smart coffee table,Jaccard,2,19985,0.222222,pafford coffee table,,smart:0 | coffee:3 | table:1,
1,smart coffee table,Jaccard,3,19986,0.222222,grapeville coffee table,,smart:0 | coffee:3 | table:1,
1,smart coffee table,Jaccard,4,20272,0.222222,mccane coffee table,,smart:0 | coffee:3 | table:1,
1,smart coffee table,Jaccard,5,20273,0.222222,mccants coffee table,,smart:0 | coffee:3 | table:1,
1,smart coffee table,Jaccard,6,32567,0.222222,algimas coffee table,,smart:0 | coffee:3 | table:1,
1,smart coffee table,Jaccard,7,36109,0.222222,raffa coffee table,,smart:0 | coffee:3 | table:1,
1,smart coffee table,Jaccard,8,38248,0.222222,tasnia coffee table,,smart:0 | coffee:3 | table:1,
1,smart coffee table,Jaccard,9,38976,0.222222,arnemuiden 3 piece coffee table set,Living Room Table Sets,smart:0 | coffee:1 | table:2,
1,smart coffee table,Jaccard,10,39692,0.222222,calmar coffee table,,smart:0 | coffee:3 | table:1,
2,dinosaur,TF-IDF,1,24094,0.926907,dinosaur throw pillow,Accent Pillows,dinosaur:4,this dinosaur throw pillow is the plushiest and friendliest stuffed dinosaur you can find . dinosaur features bright and vibrant chenille accents .
2,dinosaur,TF-IDF,2,34737,0.876532,dinosaur wall decor,Wall Décor,dinosaur:3,decorate your dinosaur themed party with the dinosaur wall decor . combined with additional decor to complete the look .
2,dinosaur,TF-IDF,3,34739,0.720008,dinosaur whirl set,Disposable Party Supplies,dinosaur:3,decorate your dinosaur themed party with the 6 piece dinosaur whirl set . combined with additional decor to complete the look .
2,dinosaur,TF-IDF,4,28472,0.672008,nisswa dinosaur reversible comforter set,Bedding Sets,dinosaur:3,"this nisswa dinosaur reversible comforter set is sure to brighten up your child 's room . with a bright and colorful dinosaur pattern , this set is sure to be a"
2,dinosaur,TF-IDF,5,195,0.610916,dinosaur sheet set,Sheets And Sheet Sets,dinosaur:1,
2,dinosaur,TF-IDF,6,14418,0.610916,dinosaur institute diy assemble dinosaur home toy appliance set,Play Kitchen Sets,dinosaur:15,dinosaur institute diy assemble dinosaur home toy set perfect party supplies to feature : dinosaur playset : this great value dinosaur play is perfectly matched
2,dinosaur,TF-IDF,7,21048,0.610916,mod dinosaur 4 piece comforter set,Bedding Sets,dinosaur:5,this mod dinosaur 4 piece comforter set will help you create an incredible room for your child . this stylish designer mod dinosaur 4 piece comforter set uses a
2,dinosaur,TF-IDF,8,38628,0.610916,dinosaur skull with base,Decorative Objects,dinosaur:1,
2,dinosaur,TF-IDF,9,34735,0.592948,dinosaur standup,Life Size Cutouts,dinosaur:3,decorate your dinosaur themed party with the dinosaur standup . combined with additional decor to complete the look .
2,dinosaur,TF-IDF,10,3754,0.584355,dugger 3-d dinosaur design coffee mug,Mugs & Teacups,dinosaur:6,do n't miss this opportunity to add awesome dinosaur fun and charm to your daily coffee ( or other preferred drink ) routine . this mug boasts a 3-d ceramic des
2,dinosaur,BM25,1,24094,11.612117,dinosaur throw pillow,Accent Pillows,dinosaur:4,this dinosaur throw pillow is the plushiest and friendliest stuffed dinosaur you can find . dinosaur features bright and vibrant chenille accents .
2,dinosaur,BM25,2,14418,11.584947,dinosaur institute diy assemble dinosaur home toy appliance set,Play Kitchen Sets,dinosaur:15,dinosaur institute diy assemble dinosaur home toy set perfect party supplies to feature : dinosaur playset : this great value dinosaur play is perfectly matched
2,dinosaur,BM25,3,34737,11.254017,dinosaur wall decor,Wall Décor,dinosaur:3,decorate your dinosaur themed party with the dinosaur wall decor . combined with additional decor to complete the look .
2,dinosaur,BM25,4,3754,11.159821,dugger 3-d dinosaur design coffee mug,Mugs & Teacups,dinosaur:6,do n't miss this opportunity to add awesome dinosaur fun and charm to your daily coffee ( or other preferred drink ) routine . this mug boasts a 3-d ceramic des
2,dinosaur,BM25,5,21048,11.134221,mod dinosaur 4 piece comforter set,Bedding Sets,dinosaur:5,this mod dinosaur 4 piece comforter set will help you create an incredible room for your child . this stylish designer mod dinosaur 4 piece comforter set uses a
2,dinosaur,BM25,6,34739,10.979079,dinosaur whirl set,Disposable Party Supplies,dinosaur:3,decorate your dinosaur themed party with the 6 piece dinosaur whirl set . combined with additional decor to complete the look .
2,dinosaur,BM25,7,28472,10.872829,nisswa dinosaur reversible comforter set,Bedding Sets,dinosaur:3,"this nisswa dinosaur reversible comforter set is sure to brighten up your child 's room . with a bright and colorful dinosaur pattern , this set is sure to be a"
2,dinosaur,BM25,8,34735,10.66638,dinosaur standup,Life Size Cutouts,dinosaur:3,decorate your dinosaur themed party with the dinosaur standup . combined with additional decor to complete the look .
2,dinosaur,BM25,9,36630,10.628629,baby brachiosaurus dino egg statue,Garden Statues,dinosaur:5,he 's practically dino-sized at birth because design toscano mighty baby dinosaur hatchling emerges from his oversized egg at over ! design toscano exclusive di
2,dinosaur,BM25,10,36533,10.479917,baby raptor dino egg statue,Garden Statues,dinosaur:5,"he 's practically dino-sized at birth because design toscano mighty baby dinosaur hatchling emerges from his oversized egg . design toscano exclusive , eoraptor"
2,dinosaur,Jaccard,1,195,0.111111,dinosaur sheet set,Sheets And Sheet Sets,dinosaur:1,
2,dinosaur,Jaccard,2,38628,0.111111,dinosaur skull with base,Decorative Objects,dinosaur:1,
2,dinosaur,Jaccard,3,4202,0.1,1 3/4 '' dinosaur novelty knob,Cabinet and Drawer Knobs,dinosaur:1,
2,dinosaur,Jaccard,4,4204,0.1,2 3/8 '' dinosaur novelty knob,Cabinet and Drawer Knobs,dinosaur:1,
2,dinosaur,Jaccard,5,4201,0.090909,oversized 2 1/4 '' dinosaur novelty knob,Cabinet and Drawer Knobs,dinosaur:1,
2,dinosaur,Jaccard,6,4203,0.090909,oversized 2 '' dinosaur novelty knob,Cabinet and Drawer Knobs,dinosaur:1,
2,dinosaur,Jaccard,7,29886,0.076923,marcantonio dinosaur portrait parasaurolophus paper print,Kids Wall Décor,dinosaur:1,
2,dinosaur,Jaccard,8,34737,0.076923,dinosaur wall decor,Wall Décor,dinosaur:3,decorate your dinosaur themed party with the dinosaur wall decor . combined with additional decor to complete the look .
2,dinosaur,Jaccard,9,42530,0.076923,doyden dinosaur metal personalized decorative plaque,Kids Wall Décor,dinosaur:1,
2,dinosaur,Jaccard,10,29144,0.066667,mcdonald dinosaur lake canvas art,Kids Wall Décor,dinosaur:1,children 's wall art featuring prehistoric scene .
